N_prog,Num_archivio,data_rilascio_prima_autorizzazione,Nome_Impresa_agricola,Azienda_zootecnica,CAP,sede_impresa_agricola,indirizzo_impresa_agricola,CCIAA,pref,tel,società,malga,PEC,indirizzo_e_mail,Altitudine,Latitudine,Longitudine,Comune_Sede_Agriturismo,Indirizzo_agriturismo,Denominazione_Agriturismo,N_appartamenti,N_stanze_in_appartamento,Tot_posti_letto_in_appartamento,N_bagni_appartamento,N_Stanze,Tot_posti_letto_in_stanze,N_bagni_in_stanze,N_tot_stanze_e_stanze_in_appartamento,Tot_posti_letto,Alloggio_in_appartamenti,Alloggio_in_stanze,Prima_colazione,Ristorazione_solo_per_alloggiati,Servizio_Ristorante_per_passanti,N_posti_tavola_interni_a_struttura,N_posti_tavola_esterni_alla_struttura,N_tot_posti_tavola,N_tot_Bagni,Agricampeggio,N_piazzole,N_tot_posti_in_campeggio,Fattoria_didattica,Altre_attività_ricreative,Degustazione,Classificazione_punteggio_tabella_1,Classificazione_punteggio_tabella_2,Classificazione_punteggio_tabella_3,ASSEGNAZIONE_MARGHERITE
1,10,11/11/1986,DALLAGO LUCIANO,no,38060,Aldeno,Via S. D'Acquisto n. 4,29251/97,0461,842629,no,no,luciano.dallago@pec.agritel.it,gastone.dallago@smach.it ,810,,,Garniga Terme,Loc. al Lago n. 15,DALLAGO LUCIANO,2,5,10,2,0,0,0,5,10,si,no,no,no,no,0,0,0,0,no,0,0,no,,no,0,0,0,
2,26,16/12/1986,ARMAN CRISTINA,no,38010,Faedo,Loc. Pineta - Maso Nello,137876/96,0461,650384,no,no,cristina.arman@pec.agritel.it,masonello@hotmail.com ,595,,,Faedo,Loc. Pineta - Maso Nello,MASO NELLO,1,2,4,1,4,8,4,6,12,si,si,si,no,si,30,0,30,1,no,0,0,si,,si,31,40,10,3
3,37,22/12/1986,INAMA FRANCESCO,no,38010,Sanzeno,Via Casalini n. 74,130041/96,0463,434072,no,no,inama.francesco@cia.legalmail.it,,641,,,Sanzeno,Via Casalini n. 74,ANAUNIA,0,0,0,0,5,10,5,5,10,no,si,si,no,no,0,0,0,0,no,0,0,no,,no,22,19,6,2
4,49,15/01/1987,MONTIBELLER VALTER,no,38050,Roncegno,Via Prose n. 1,138559/96,0461,773349,no,no,AZ.MONTIBELLER@PEC.IT,,535,46.0469731,11.4109589,Roncegno,Via Prose n. 1,MONTIBELLER,6,6,8,6,4,8,4,10,16,si,si,si,no,si,43,0,43,2,si,15,30,si,bagni di fieno,si,32,24,10,2
5,52,20/01/1987,BRESCIANI ITALO,no,38060,Tenno,Via Diaz n. 40 - Fraz. Cologna,138928/96,0464,521701,no,no,italo.bresciani@pec.agritel.it,,428,,,Tenno,Loc. Fontanelle,PIZACOL DI BRESCIANI ITALO,0,0,0,0,0,0,0,0,0,no,no,no,no,si,35,0,35,2,no,0,0,no,,no,7,11,2,2
6,61,30/01/1987,FONTANARI ETTORE,no,38057,Pergine Valsugana,Via Chimelli n. 25,38575/97,0461,530023,no,no,ettore.fontanari@pec.agritel.it,,482,46.0625206,11.2405473,Pergine Valsugana,Via Chimelli n. 25,FONTANARI ETTORE,4,6,9,4,0,0,0,6,9,si,no,no,no,no,0,0,0,0,no,0,0,no,,no,8,14,4,2
7,68,30/01/1987,MARINCONZ GINO,no,38010,Coredo,Via G. Inama n. 21,61840/97,0463,536328,no,no,GINO.MARINCONZ@PEC.IT,,831,,,Coredo,Via G. Inama n. 21,MARINCONZ GINO,3,6,11,3,0,0,0,6,11,si,no,no,no,no,0,0,0,0,no,0,0,no,,no,9,12,4,2
