[{"place_id":"6560673","licence":"Data \u00a9 OpenStreetMap contributors, ODbL 1.0. http:\/\/www.openstreetmap.org\/copyright","osm_type":"node","osm_id":"673194565","boundingbox":["46.0469105","46.0469105","11.4115734","11.4115734"],"lat":"46.0469105","lon":"11.4115734","display_name":"Montibeller, Via Prose, Alps, Salembis, Roncegno Terme, Comunit\u00e0 Valsugana e Tesino, TN, Trentino-Alto Adige - S\u00fcdtirol, 38051, Italy","class":"tourism","type":"hotel","importance":0.211,"icon":"http:\/\/ip-10-98-183-183.mq-us-east-1.ec2.aolcloud.net:8000\/nominatim\/v1\/images\/mapicons\/accommodation_hotel2.p.20.png"}]